Marka;Model;Pelna Nazwa;Nazwa Pliku;Rzadkosc
Bugatti;Chiron;Bugatti Chiron;bugatti-chiron.webp;legendary
Koenigsegg;Jesko;Koenigsegg Jesko;koenigsegg-jesko.webp;legendary
Ferrari;LaFerrari;Ferrari LaFerrari;ferrari-laferrari.webp;legendary
McLaren;P1;McLaren P1;mclaren-p1.webp;legendary
Porsche;918 Spyder;Porsche 918 Spyder;porsche-918-spyder.webp;legendary
Lamborghini;Aventador SVJ;Lamborghini Aventador SVJ;lamborghini-aventador-svj.webp;legendary
Pagani;Huayra BC;Pagani Huayra BC;pagani-huayra-bc.webp;legendary
Bugatti;Veyron 16.4;Bugatti Veyron;bugatti-veyron.webp;legendary
Rimac;Nevera;Rimac Nevera;rimac-nevera.webp;legendary
SSC;Tuatara;SSC Tuatara;ssc-tuatara.webp;legendary
Ferrari;SF90 Stradale;Ferrari SF90 Stradale;ferrari-sf90-stradale.webp;legendary
Lamborghini;Sian FKP 37;Lamborghini Sian;lamborghini-sian.webp;legendary
Mercedes-AMG;One;Mercedes-AMG One;mercedes-amg-one.webp;legendary
Gordon Murray;T.50;Gordon Murray T.50;gordon-murray-t50.webp;legendary
Lotus;Evija;Lotus Evija;lotus-evija.webp;legendary
Aston Martin;Valkyrie;Aston Martin Valkyrie;aston-martin-valkyrie.webp;legendary
Hennessey;Venom F5;Hennessey Venom F5;hennessey-venom-f5.webp;legendary
Ferrari;F40;Ferrari F40;ferrari-f40.webp;legendary
Ferrari;F50;Ferrari F50;ferrari-f50.webp;legendary
Ferrari;Enzo;Ferrari Enzo;ferrari-enzo.webp;legendary
McLaren;F1;McLaren F1;mclaren-f1.webp;legendary
Jaguar;XJ220;Jaguar XJ220;jaguar-xj220.webp;legendary
Mercedes-Benz;CLK GTR;Mercedes-Benz CLK GTR;mercedes-clk-gtr.webp;legendary
Porsche;959;Porsche 959;porsche-959.webp;legendary
Lamborghini;Countach;Lamborghini Countach;lamborghini-countach.webp;legendary
Ferrari;488 GTB;Ferrari 488 GTB;ferrari-488-gtb.webp;epic
Lamborghini;Huracan EVO;Lamborghini Huracan EVO;lamborghini-huracan-evo.webp;epic
McLaren;720S;McLaren 720S;mclaren-720s.webp;epic
Porsche;911 Turbo S (992);Porsche 911 Turbo S;porsche-911-turbo-s.webp;epic
Aston Martin;DBS Superleggera;Aston Martin DBS Superleggera;aston-martin-dbs-superleggera.webp;epic
Mercedes-AMG;GT R;Mercedes-AMG GT R;mercedes-amg-gt-r.webp;epic
Audi;R8 V10 Performance;Audi R8 V10 Performance;audi-r8-v10.webp;epic
Nissan;GT-R Nismo;Nissan GT-R Nismo;nissan-gt-r-nismo.webp;epic
Chevrolet;Corvette C8 Z06;Chevrolet Corvette Z06;chevrolet-corvette-z06.webp;epic
Ferrari;Roma;Ferrari Roma;ferrari-roma.webp;epic
BMW;M8 Competition;BMW M8 Competition;bmw-m8-competition.webp;epic
Lexus;LFA;Lexus LFA;lexus-lfa.webp;epic
Ferrari;F8 Tributo;Ferrari F8 Tributo;ferrari-f8-tributo.webp;epic
Ferrari;296 GTB;Ferrari 296 GTB;ferrari-296-gtb.webp;epic
Lamborghini;Urus Performante;Lamborghini Urus;lamborghini-urus.webp;epic
McLaren;765LT;McLaren 765LT;mclaren-765lt.webp;epic
McLaren;Artura;McLaren Artura;mclaren-artura.webp;epic
Porsche;911 GT3 (992);Porsche 911 GT3;porsche-911-gt3.webp;epic
Porsche;911 GT3 RS (992);Porsche 911 GT3 RS;porsche-911-gt3-rs.webp;epic
Porsche;Taycan Turbo S;Porsche Taycan Turbo S;porsche-taycan-turbo-s.webp;epic
Mercedes-AMG;GT Black Series;Mercedes-AMG GT Black Series;mercedes-amg-gt-black-series.webp;epic
Audi;e-tron GT RS;Audi e-tron GT RS;audi-e-tron-gt-rs.webp;epic
Maserati;MC20;Maserati MC20;maserati-mc20.webp;epic
Bentley;Continental GT Speed;Bentley Continental GT Speed;bentley-continental-gt-speed.webp;epic
Ford;GT;Ford GT;ford-gt.webp;epic
Lotus;Emira V6;Lotus Emira;lotus-emira.webp;epic
Ferrari;Purosangue;Ferrari Purosangue;ferrari-purosangue.webp;epic
Lamborghini;Revuelto;Lamborghini Revuelto;lamborghini-revuelto.webp;epic
Acura;NSX Type S;Acura NSX Type S;acura-nsx-type-s.webp;epic
BMW;XM Label Red;BMW XM Label Red;bmw-xm-label-red.webp;epic
Porsche;Carrera GT;Porsche Carrera GT;porsche-carrera-gt.webp;epic
Aston Martin;DB11 V12;Aston Martin DB11;aston-martin-db11.webp;epic
Ferrari;812 Superfast;Ferrari 812 Superfast;ferrari-812-superfast.webp;epic
Lamborghini;Huracan Tecnica;Lamborghini Huracan Tecnica;lamborghini-huracan-tecnica.webp;epic
McLaren;GT;McLaren GT;mclaren-gt.webp;epic
Porsche;911 GT2 RS (991);Porsche 911 GT2 RS;porsche-911-gt2-rs.webp;epic
Toyota;Supra RZ (A80);Toyota Supra MK4;toyota-supra-mk4.webp;epic
Nissan;Skyline GT-R V-Spec II (R34);Nissan Skyline GT-R R34;nissan-skyline-gtr-r34.webp;epic
Nissan;Skyline GT-R V-Spec (R33);Nissan Skyline GT-R R33;nissan-skyline-gtr-r33.webp;epic
Nissan;Skyline GT-R (R32);Nissan Skyline GT-R R32;nissan-skyline-gtr-r32.webp;epic
Mazda;RX-7 Spirit R (FD3S);Mazda RX-7 FD;mazda-rx7-fd.webp;epic
Honda;NSX Type R (NA1);Honda NSX;honda-nsx.webp;epic
Mitsubishi;3000GT VR-4;Mitsubishi 3000GT VR-4;mitsubishi-3000gt-vr4.webp;epic
Subaru;Impreza 22B STI;Subaru Impreza 22B STI;subaru-impreza-22b-sti.webp;epic
BMW;M3 Sport Evolution (E30);BMW E30 M3;bmw-e30-m3.webp;epic
BMW;M1;BMW M1;bmw-m1.webp;epic
Audi;Sport Quattro S1;Audi Sport Quattro;audi-sport-quattro.webp;epic
Ford;RS200;Ford RS200;ford-rs200.webp;epic
Lancia;Stratos HF;Lancia Stratos;lancia-stratos.webp;epic
Peugeot;205 T16;Peugeot 205 T16;peugeot-205-t16.webp;epic
Renault;5 Turbo 2;Renault 5 Turbo;renault-5-turbo.webp;epic
De Tomaso;Pantera GT5-S;De Tomaso Pantera;de-tomaso-pantera.webp;epic
Lotus;Esprit V8 Twin Turbo;Lotus Esprit V8;lotus-esprit-v8.webp;epic
TVR;Cerbera Speed 12;TVR Cerbera Speed 12;tvr-cerbera-speed-12.webp;epic
Noble;M600;Noble M600;noble-m600.webp;epic
Wiesmann;MF5;Wiesmann MF5;wiesmann-mf5.webp;epic
Porsche;911 Carrera S (992);Porsche 911 Carrera S;porsche-911-carrera-s.webp;rare
BMW;M3 Competition (G80);BMW M3 Competition;bmw-m3-competition.webp;rare
Mercedes-AMG;C63 S;Mercedes-AMG C63 S;mercedes-amg-c63-s.webp;rare
Audi;RS6 Avant;Audi RS6 Avant;audi-rs6-avant.webp;rare
Ford;Mustang Shelby GT500;Ford Mustang Shelby GT500;ford-mustang-shelby-gt500.webp;rare
BMW;M5 Competition (F90);BMW M5 Competition;bmw-m5-competition.webp;rare
Alfa Romeo;Giulia Quadrifoglio;Alfa Romeo Giulia Quadrifoglio;alfa-romeo-giulia-quadrifoglio.webp;rare
Porsche;718 Cayman GT4;Porsche 718 Cayman GT4;porsche-718-cayman-gt4.webp;rare
Toyota;GR Supra;Toyota GR Supra;toyota-gr-supra.webp;rare
Jaguar;F-Type R;Jaguar F-Type R;jaguar-f-type-r.webp;rare
Dodge;Challenger SRT Hellcat;Dodge Challenger SRT Hellcat;dodge-challenger-hellcat.webp;rare
Alpine;A110 S;Alpine A110 S;alpine-a110-s.webp;rare
BMW;M4 Competition (G82);BMW M4 Competition;bmw-m4-competition.webp;rare
Mercedes-AMG;E63 S;Mercedes-AMG E63 S;mercedes-amg-e63-s.webp;rare
Audi;RS7 Sportback;Audi RS7 Sportback;audi-rs7-sportback.webp;rare
Audi;RS Q8;Audi RS Q8;audi-rs-q8.webp;rare
Porsche;Cayenne Turbo GT;Porsche Cayenne Turbo GT;porsche-cayenne-turbo-gt.webp;rare
BMW;M2 (G87);BMW M2;bmw-m2.webp;rare
Mercedes-AMG;A45 S;Mercedes-AMG A45 S;mercedes-amg-a45-s.webp;rare
Audi;RS3 Sportback;Audi RS3 Sportback;audi-rs3-sportback.webp;rare
Volkswagen;Golf R (Mk8);Volkswagen Golf R;volkswagen-golf-r.webp;rare
Cupra;Leon VZ;Cupra Leon VZ;cupra-leon-vz.webp;rare
BMW;Z4 M40i;BMW Z4 M40i;bmw-z4-m40i.webp;rare
Chevrolet;Camaro ZL1;Chevrolet Camaro ZL1;chevrolet-camaro-zl1.webp;rare
Ford;Mustang GT (S650);Ford Mustang GT;ford-mustang-gt.webp;rare
Dodge;Charger SRT Hellcat;Dodge Charger SRT Hellcat;dodge-charger-hellcat.webp;rare
Cadillac;CT5-V Blackwing;Cadillac CT5-V Blackwing;cadillac-ct5-v-blackwing.webp;rare
Lexus;IS 500 F Sport;Lexus IS 500;lexus-is-500.webp;rare
Lexus;RC F;Lexus RC F;lexus-rc-f.webp;rare
Tesla;Model S Plaid;Tesla Model S Plaid;tesla-model-s-plaid.webp;rare
Porsche;Panamera Turbo S;Porsche Panamera Turbo S;porsche-panamera-turbo-s.webp;rare
Genesis;G70 3.3T;Genesis G70;genesis-g70.webp;rare
Infiniti;Q60 Red Sport 400;Infiniti Q60 Red Sport;infiniti-q60-red-sport.webp;rare
Porsche;Taycan 4S;Porsche Taycan 4S;porsche-taycan-4s.webp;rare
Lotus;Exige Sport 410;Lotus Exige Sport 410;lotus-exige-sport-410.webp;rare
Honda;S2000 AP2;Honda S2000;honda-s2000.webp;rare
Nissan;370Z Nismo;Nissan 370Z Nismo;nissan-370z-nismo.webp;rare
Nissan;Z Performance;Nissan Z;nissan-z.webp;rare
Subaru;WRX STI;Subaru WRX STI;subaru-wrx-sti.webp;rare
Mitsubishi;Lancer Evolution X;Mitsubishi Lancer Evo X;mitsubishi-lancer-evo-x.webp;rare
Porsche;Macan GTS;Porsche Macan GTS;porsche-macan-gts.webp;rare
Land Rover;Range Rover Sport SVR;Range Rover Sport SVR;range-rover-sport-svr.webp;rare
Jeep;Grand Cherokee Trackhawk;Jeep Grand Cherokee Trackhawk;jeep-grand-cherokee-trackhawk.webp;rare
Ford;Mustang Boss 429;Ford Mustang Boss 429;ford-mustang-boss-429.webp;rare
Chevrolet;Chevelle SS 454 LS6;Chevrolet Chevelle SS 454;chevrolet-chevelle-ss-454.webp;rare
Plymouth;Barracuda Hemi;Plymouth Hemi Cuda;plymouth-hemi-cuda.webp;rare
Dodge;Charger R/T 440;Dodge Charger R/T;dodge-charger-rt.webp;rare
Pontiac;GTO Judge;Pontiac GTO Judge;pontiac-gto-judge.webp;rare
Buick;Grand National GNX;Buick Grand National GNX;buick-grand-national-gnx.webp;rare
Oldsmobile;442 W-30;Oldsmobile 442;oldsmobile-442.webp;rare
AMC;Javelin AMX;AMC Javelin AMX;amc-javelin-amx.webp;rare
Shelby;Cobra 427;Shelby Cobra 427;shelby-cobra-427.webp;rare
Ferrari;288 GTO;Ferrari 288 GTO;ferrari-288-gto.webp;rare
Porsche;911 Carrera RS 2.7;Porsche 911 Carrera RS 2.7;porsche-911-carrera-rs-27.webp;rare
Porsche;911 Turbo (930);Porsche 930 Turbo;porsche-930-turbo.webp;rare
BMW;M3 CSL (E46);BMW M3 CSL;bmw-m3-csl.webp;rare
Mercedes-Benz;190E 2.5-16 Evolution II;Mercedes-Benz 190E Evo II;mercedes-190e-evo-ii.webp;rare
Alfa Romeo;GTV6 2.5;Alfa Romeo GTV6;alfa-romeo-gtv6.webp;rare
Datsun;240Z;Datsun 240Z;datsun-240z.webp;rare
Toyota;2000GT;Toyota 2000GT;toyota-2000gt.webp;rare
Mazda;RX-3 (Savanna);Mazda RX-3;mazda-rx3.webp;rare
Toyota;Corolla Levin/Trueno AE86;Toyota AE86;toyota-ae86.webp;rare
Isuzu;Piazza Turbo;Isuzu Piazza Turbo;isuzu-piazza-turbo.webp;rare
Volkswagen;Golf GTI (Mk8);Volkswagen Golf GTI;volkswagen-golf-gti.webp;common
Honda;Civic Type R (FL5);Honda Civic Type R;honda-civic-type-r.webp;common
Ford;Focus RS (Mk3);Ford Focus RS;ford-focus-rs.webp;common
Mazda;MX-5 (ND);Mazda MX-5;mazda-mx5.webp;common
Toyota;GR86;Toyota GR86;toyota-gr86.webp;common
Subaru;BRZ;Subaru BRZ;subaru-brz.webp;common
Hyundai;i30 N;Hyundai i30 N;hyundai-i30-n.webp;common
Mini;John Cooper Works;Mini John Cooper Works;mini-john-cooper-works.webp;common
Renault;Megane RS Trophy;Renault Megane RS Trophy;renault-megane-rs-trophy.webp;common
Abarth;595 Competizione;Abarth 595 Competizione;abarth-595-competizione.webp;common
Suzuki;Swift Sport;Suzuki Swift Sport;suzuki-swift-sport.webp;common
Peugeot;308 GTi;Peugeot 308 GTi;peugeot-308-gti.webp;common
Toyota;GR Yaris;Toyota GR Yaris;toyota-gr-yaris.webp;common
Toyota;GR Corolla;Toyota GR Corolla;toyota-gr-corolla.webp;common
Hyundai;Elantra N;Hyundai Elantra N;hyundai-elantra-n.webp;common
Hyundai;Veloster N;Hyundai Veloster N;hyundai-veloster-n.webp;common
Kia;Stinger GT;Kia Stinger GT;kia-stinger-gt.webp;common
Ford;Fiesta ST;Ford Fiesta ST;ford-fiesta-st.webp;common
Ford;Puma ST;Ford Puma ST;ford-puma-st.webp;common
Skoda;Octavia RS;Skoda Octavia RS;skoda-octavia-rs.webp;common
Peugeot;308 GT;Peugeot 308 GT;peugeot-308-gt.webp;common
Volkswagen;Polo GTI;Volkswagen Polo GTI;volkswagen-polo-gti.webp;common
Opel;Corsa-e OPC;Opel Corsa OPC;opel-corsa-opc.webp;common
Abarth;124 Spider;Fiat 124 Spider Abarth;fiat-124-spider-abarth.webp;common
Mazda;3 Turbo;Mazda 3 Turbo;mazda-3-turbo.webp;common
Honda;Accord Type R;Honda Accord Type R;honda-accord-type-r.webp;common
Honda;Integra Type R (DC2);Honda Integra Type R;honda-integra-type-r.webp;common
BMW;128ti;BMW 128ti;bmw-128ti.webp;common
SEAT;Leon Cupra 290;SEAT Leon Cupra;seat-leon-cupra.webp;common
Volkswagen;Scirocco R;Volkswagen Scirocco R;volkswagen-scirocco-r.webp;common
Opel;Astra OPC;Opel Astra OPC;opel-astra-opc.webp;common
Alfa Romeo;Mito Quadrifoglio Verde;Alfa Romeo Mito QV;alfa-romeo-mito-qv.webp;common
Citroen;DS3 Racing;Citroen DS3 Racing;citroen-ds3-racing.webp;common
Lancia;Delta HF Integrale;Lancia Delta Integrale;lancia-delta-integrale.webp;common
Renault;Clio RS Trophy;Renault Clio RS;renault-clio-rs.webp;common
Peugeot;205 GTI 1.9;Peugeot 205 GTI;peugeot-205-gti.webp;common
Ford;Escort RS Cosworth;Ford Escort RS Cosworth;ford-escort-rs-cosworth.webp;common
Volkswagen;Corrado VR6;Volkswagen Corrado VR6;volkswagen-corrado-vr6.webp;common
Mitsubishi;Eclipse GSX;Mitsubishi Eclipse GSX;mitsubishi-eclipse-gsx.webp;common
Nissan;Silvia S15 Spec-R;Nissan Silvia S15;nissan-silvia-s15.webp;common
Toyota;Celica GT-Four ST205;Toyota Celica GT-Four;toyota-celica-gt-four.webp;common
Daihatsu;Copen;Daihatsu Copen;daihatsu-copen.webp;common
Smart;Fortwo Brabus;Smart Brabus;smart-brabus.webp;common
Fiat;Panda 100HP;Fiat Panda 100HP;fiat-panda-100hp.webp;common
Renault;Twingo RS;Renault Twingo RS;renault-twingo-rs.webp;common
Volkswagen;Golf GTI (Mk1);Volkswagen Golf GTI Mk1;volkswagen-golf-gti-mk1.webp;common
Volkswagen;Beetle 1303;Volkswagen Beetle;volkswagen-beetle.webp;common
Ford;Escort RS1600;Ford Escort Mk1 RS;ford-escort-mk1-rs.webp;common
Fiat;500 F;Fiat 500;fiat-500-classic.webp;common
Mini;Cooper S Mk3;Mini Cooper S Classic;mini-cooper-s-classic.webp;common
Mazda;RX-7 (FB);Mazda RX-7 FB;mazda-rx7-fb.webp;common
Mazda;RX-7 Turbo II (FC);Mazda RX-7 FC;mazda-rx7-fc.webp;common
Honda;CRX Si;Honda CRX Si;honda-crx-si.webp;common
Honda;Prelude Type SH;Honda Prelude;honda-prelude.webp;common
Toyota;Celica All-Trac Turbo (ST185);Toyota Celica All-Trac;toyota-celica-all-trac.webp;common
Toyota;MR2 Turbo (SW20);Toyota MR2;toyota-mr2.webp;common
Nissan;200SX (S14);Nissan 200SX;nissan-200sx.webp;common
Mitsubishi;Eclipse GSX (2G);Mitsubishi Eclipse 2G;mitsubishi-eclipse-2g.webp;common
Honda;del Sol VTEC;Honda del Sol;honda-del-sol.webp;common
Acura;Integra Type R (DC2);Acura Integra Type R;acura-integra-type-r.webp;common
Ford;Probe GT;Ford Probe GT;ford-probe-gt.webp;common
Chevrolet;Cavalier Z24;Chevrolet Cavalier Z24;chevrolet-cavalier-z24.webp;common
Dodge;Neon SRT-4;Dodge Neon SRT-4;dodge-neon-srt4.webp;common
Saab;900 Turbo SPG;Saab 900 Turbo;saab-900-turbo.webp;common
Volvo;850 T-5R;Volvo 850 T-5R;volvo-850-t5r.webp;common
Peugeot;306 S16;Peugeot 306 S16;peugeot-306-s16.webp;common
Citroen;Saxo VTS 16V;Citroen Saxo VTS;citroen-saxo-vts.webp;common
Opel;Kadett GSi 16V;Opel Kadett GSi;opel-kadett-gsi.webp;common
Ford;Capri 2.8 Injection;Ford Capri;ford-capri.webp;common
Opel;Manta B GSi;Opel Manta;opel-manta.webp;common
Talbot;Sunbeam Lotus;Talbot Sunbeam Lotus;talbot-sunbeam-lotus.webp;common
DeLorean;DMC-12;DeLorean DMC-12;delorean-dmc12.webp;common
Lotus;Elan SE Turbo (M100);Lotus Elan;lotus-elan.webp;common
Triumph;TR6 PI;Triumph TR6;triumph-tr6.webp;common
